<?xml version="1.0" standalone="yes"?>
<FORITS>
  <xs:schema id="FORITS" xmlns="" xmlns:xs="http://www.w3.org/2001/XMLSchema" xmlns:msdata="urn:schemas-microsoft-com:xml-msdata">
    <xs:element name="FORITS" msdata:IsDataSet="true" msdata:UseCurrentLocale="true">
      <xs:complexType>
        <xs:choice minOccurs="0" maxOccurs="unbounded">
          <xs:element name="INITIALEXAMINATION" M2M="No">
            <xs:complexType>
              <xs:sequence>
                <xs:element name="ID" msdata:AutoIncrement="true" type="xs:int" />
                <xs:element name="DOCTOR_EXAMINING" msdata:Caption="50" type="xs:string" />
                <xs:element name="DATE" type="xs:dateTime" />
                <xs:element name="TIME" type="xs:duration" />
                <xs:element name="BITRH_WEIGHT" type="xs:int" />
                <xs:element name="OFC" type="xs:decimal" />
                <xs:element name="TEMP" type="xs:decimal" />
                <xs:element name="EYE_RED_REFLEX" msdata:Caption="1">
                  <xs:simpleType>
                    <xs:restriction base="xs:string">
                      <xs:length value="1" />
                    </xs:restriction>
                  </xs:simpleType>
                </xs:element>
                <xs:element name="EARS" msdata:Caption="1">
                  <xs:simpleType>
                    <xs:restriction base="xs:string">
                      <xs:length value="1" />
                    </xs:restriction>
                  </xs:simpleType>
                </xs:element>
                <xs:element name="HANDS" msdata:Caption="1">
                  <xs:simpleType>
                    <xs:restriction base="xs:string">
                      <xs:length value="1" />
                    </xs:restriction>
                  </xs:simpleType>
                </xs:element>
                <xs:element name="UPPAR_LIMBS" msdata:Caption="1">
                  <xs:simpleType>
                    <xs:restriction base="xs:string">
                      <xs:length value="1" />
                    </xs:restriction>
                  </xs:simpleType>
                </xs:element>
                <xs:element name="TESTIS" msdata:Caption="1">
                  <xs:simpleType>
                    <xs:restriction base="xs:string">
                      <xs:length value="1" />
                    </xs:restriction>
                  </xs:simpleType>
                </xs:element>
                <xs:element name="HIPS" msdata:Caption="1">
                  <xs:simpleType>
                    <xs:restriction base="xs:string">
                      <xs:length value="1" />
                    </xs:restriction>
                  </xs:simpleType>
                </xs:element>
                <xs:element name="LEGS" msdata:Caption="1">
                  <xs:simpleType>
                    <xs:restriction base="xs:string">
                      <xs:length value="1" />
                    </xs:restriction>
                  </xs:simpleType>
                </xs:element>
                <xs:element name="FEET" msdata:Caption="1">
                  <xs:simpleType>
                    <xs:restriction base="xs:string">
                      <xs:length value="1" />
                    </xs:restriction>
                  </xs:simpleType>
                </xs:element>
                <xs:element name="PALATE" msdata:Caption="1">
                  <xs:simpleType>
                    <xs:restriction base="xs:string">
                      <xs:length value="1" />
                    </xs:restriction>
                  </xs:simpleType>
                </xs:element>
                <xs:element name="TONE" msdata:Caption="1">
                  <xs:simpleType>
                    <xs:restriction base="xs:string">
                      <xs:length value="1" />
                    </xs:restriction>
                  </xs:simpleType>
                </xs:element>
                <xs:element name="MOUTH" msdata:Caption="1">
                  <xs:simpleType>
                    <xs:restriction base="xs:string">
                      <xs:length value="1" />
                    </xs:restriction>
                  </xs:simpleType>
                </xs:element>
                <xs:element name="HEART" msdata:Caption="1">
                  <xs:simpleType>
                    <xs:restriction base="xs:string">
                      <xs:length value="1" />
                    </xs:restriction>
                  </xs:simpleType>
                </xs:element>
                <xs:element name="LEVER" msdata:Caption="1">
                  <xs:simpleType>
                    <xs:restriction base="xs:string">
                      <xs:length value="1" />
                    </xs:restriction>
                  </xs:simpleType>
                </xs:element>
                <xs:element name="SPLEEN" msdata:Caption="1">
                  <xs:simpleType>
                    <xs:restriction base="xs:string">
                      <xs:length value="1" />
                    </xs:restriction>
                  </xs:simpleType>
                </xs:element>
                <xs:element name="GENITALIA" msdata:Caption="1">
                  <xs:simpleType>
                    <xs:restriction base="xs:string">
                      <xs:length value="1" />
                    </xs:restriction>
                  </xs:simpleType>
                </xs:element>
                <xs:element name="SPINE" msdata:Caption="1">
                  <xs:simpleType>
                    <xs:restriction base="xs:string">
                      <xs:length value="1" />
                    </xs:restriction>
                  </xs:simpleType>
                </xs:element>
                <xs:element name="PROBLEMS_AT_ADMISSION" msdata:Caption="1000" type="xs:string" minOccurs="0" />
              </xs:sequence>
            </xs:complexType>
          </xs:element>
        </xs:choice>
      </xs:complexType>
      <xs:unique name="Constraint1" msdata:PrimaryKey="true">
        <xs:selector xpath=".//INITIALEXAMINATION" />
        <xs:field xpath="ID" />
      </xs:unique>
    </xs:element>
  </xs:schema>
</FORITS>