<?xml version="1.0" standalone="yes"?>
<FORTIS>
  <xs:schema id="FORTIS" xmlns="" xmlns:xs="http://www.w3.org/2001/XMLSchema" xmlns:msdata="urn:schemas-microsoft-com:xml-msdata">
    <xs:element name="FORTIS" msdata:IsDataSet="true" msdata:UseCurrentLocale="true">
      <xs:complexType>
        <xs:choice minOccurs="0" maxOccurs="unbounded">
          <xs:element name="INITIALEXAMINATION" M2M="No">
            <xs:complexType>
              <xs:sequence>
                <xs:element name="ID" msdata:AutoIncrement="true" type="xs:int" />
                <xs:element name="DOCTOR_EXAMINING" msdata:Caption="50" type="xs:string" minOccurs="0" />
                <xs:element name="DATE" type="xs:dateTime" minOccurs="0" />
                <xs:element name="TIME" type="xs:duration" minOccurs="0" />
                <xs:element name="BITRH_WEIGHT" type="xs:int" minOccurs="0" />
                <xs:element name="OFC" type="xs:decimal" minOccurs="0" />
                <xs:element name="TEMP" type="xs:decimal" minOccurs="0" />
                <xs:element name="EYE_RED_REFLEX" msdata:Caption="1" minOccurs="0">
                  <xs:simpleType>
                    <xs:restriction base="xs:string">
                      <xs:length value="1" />
                    </xs:restriction>
                  </xs:simpleType>
                </xs:element>
                <xs:element name="EARS" msdata:Caption="1" minOccurs="0">
                  <xs:simpleType>
                    <xs:restriction base="xs:string">
                      <xs:length value="1" />
                    </xs:restriction>
                  </xs:simpleType>
                </xs:element>
                <xs:element name="HANDS" msdata:Caption="1" minOccurs="0">
                  <xs:simpleType>
                    <xs:restriction base="xs:string">
                      <xs:length value="1" />
                    </xs:restriction>
                  </xs:simpleType>
                </xs:element>
                <xs:element name="UPPAR_LIMBS" msdata:Caption="1" minOccurs="0">
                  <xs:simpleType>
                    <xs:restriction base="xs:string">
                      <xs:length value="1" />
                    </xs:restriction>
                  </xs:simpleType>
                </xs:element>
                <xs:element name="TESTIS" msdata:Caption="1" minOccurs="0">
                  <xs:simpleType>
                    <xs:restriction base="xs:string">
                      <xs:length value="1" />
                    </xs:restriction>
                  </xs:simpleType>
                </xs:element>
                <xs:element name="HIPS" msdata:Caption="1" minOccurs="0">
                  <xs:simpleType>
                    <xs:restriction base="xs:string">
                      <xs:length value="1" />
                    </xs:restriction>
                  </xs:simpleType>
                </xs:element>
                <xs:element name="LEGS" msdata:Caption="1" minOccurs="0">
                  <xs:simpleType>
                    <xs:restriction base="xs:string">
                      <xs:length value="1" />
                    </xs:restriction>
                  </xs:simpleType>
                </xs:element>
                <xs:element name="FEET" msdata:Caption="1" minOccurs="0">
                  <xs:simpleType>
                    <xs:restriction base="xs:string">
                      <xs:length value="1" />
                    </xs:restriction>
                  </xs:simpleType>
                </xs:element>
                <xs:element name="PALATE" msdata:Caption="1" minOccurs="0">
                  <xs:simpleType>
                    <xs:restriction base="xs:string">
                      <xs:length value="1" />
                    </xs:restriction>
                  </xs:simpleType>
                </xs:element>
                <xs:element name="TONE" msdata:Caption="1" minOccurs="0">
                  <xs:simpleType>
                    <xs:restriction base="xs:string">
                      <xs:length value="1" />
                    </xs:restriction>
                  </xs:simpleType>
                </xs:element>
                <xs:element name="MOUTH" msdata:Caption="1" minOccurs="0">
                  <xs:simpleType>
                    <xs:restriction base="xs:string">
                      <xs:length value="1" />
                    </xs:restriction>
                  </xs:simpleType>
                </xs:element>
                <xs:element name="HEART" msdata:Caption="1" minOccurs="0">
                  <xs:simpleType>
                    <xs:restriction base="xs:string">
                      <xs:length value="1" />
                    </xs:restriction>
                  </xs:simpleType>
                </xs:element>
                <xs:element name="LEVER" msdata:Caption="1" minOccurs="0">
                  <xs:simpleType>
                    <xs:restriction base="xs:string">
                      <xs:length value="1" />
                    </xs:restriction>
                  </xs:simpleType>
                </xs:element>
                <xs:element name="SPLEEN" msdata:Caption="1" minOccurs="0">
                  <xs:simpleType>
                    <xs:restriction base="xs:string">
                      <xs:length value="1" />
                    </xs:restriction>
                  </xs:simpleType>
                </xs:element>
                <xs:element name="GENITALIA" msdata:Caption="1" minOccurs="0">
                  <xs:simpleType>
                    <xs:restriction base="xs:string">
                      <xs:length value="1" />
                    </xs:restriction>
                  </xs:simpleType>
                </xs:element>
                <xs:element name="SPINE" msdata:Caption="1" minOccurs="0">
                  <xs:simpleType>
                    <xs:restriction base="xs:string">
                      <xs:length value="1" />
                    </xs:restriction>
                  </xs:simpleType>
                </xs:element>
                <xs:element name="PROBLEMS_AT_ADMISSION" msdata:Caption="1000" type="xs:string" minOccurs="0" />
              </xs:sequence>
            </xs:complexType>
          </xs:element>
          <xs:element name="nursingProgressReport" M2M="No">
            <xs:complexType>
              <xs:sequence>
                <xs:element name="ID" msdata:AutoIncrement="true" type="xs:int" />
                <xs:element name="Name" msdata:Caption="50" type="xs:string" minOccurs="0" />
                <xs:element name="UID" msdata:Caption="50" type="xs:string" minOccurs="0" />
                <xs:element name="BirthWt" type="xs:decimal" minOccurs="0" />
                <xs:element name="YesterdayWt" type="xs:decimal" minOccurs="0" />
                <xs:element name="PresentWt" type="xs:decimal" minOccurs="0" />
                <xs:element name="FromBirthWeight" type="xs:decimal" minOccurs="0" />
                <xs:element name="FromYesterdayWeight" type="xs:decimal" minOccurs="0" />
                <xs:element name="Urine_ml_kg_hr" type="xs:decimal" minOccurs="0" />
                <xs:element name="Time" type="xs:int" minOccurs="0" />
                <xs:element name="Method" msdata:Caption="50" type="xs:string" minOccurs="0" />
                <xs:element name="FeedType" msdata:Caption="50" type="xs:string" minOccurs="0" />
                <xs:element name="Volume" type="xs:decimal" minOccurs="0" />
                <xs:element name="Total" type="xs:decimal" minOccurs="0" />
                <xs:element name="IVFluids" msdata:Caption="50" type="xs:string" minOccurs="0" />
                <xs:element name="IV_Hr" type="xs:decimal" minOccurs="0" />
                <xs:element name="AA_Hr" type="xs:decimal" minOccurs="0" />
                <xs:element name="Lipid_Hr" type="xs:decimal" minOccurs="0" />
                <xs:element name="IVTotal" type="xs:decimal" minOccurs="0" />
                <xs:element name="Aspirate_Vomite" type="xs:decimal" minOccurs="0" />
                <xs:element name="Urine" type="xs:decimal" minOccurs="0" />
                <xs:element name="BO" msdata:Caption="50" type="xs:string" minOccurs="0" />
                <xs:element name="Sao2" msdata:Caption="50" type="xs:string" minOccurs="0" />
                <xs:element name="HR" msdata:Caption="50" type="xs:string" minOccurs="0" />
                <xs:element name="RR" msdata:Caption="50" type="xs:string" minOccurs="0" />
                <xs:element name="BP" msdata:Caption="50" type="xs:string" minOccurs="0" />
                <xs:element name="FIO2" msdata:Caption="50" type="xs:string" minOccurs="0" />
                <xs:element name="TempAxilla" msdata:Caption="50" type="xs:string" minOccurs="0" />
                <xs:element name="TempIncBed" msdata:Caption="50" type="xs:string" minOccurs="0" />
                <xs:element name="CPAP" msdata:Caption="50" type="xs:string" minOccurs="0" />
              </xs:sequence>
            </xs:complexType>
          </xs:element>
          <xs:element name="AdmissionForm" M2M="No">
            <xs:complexType>
              <xs:sequence>
                <xs:element name="ID" msdata:AutoIncrement="true" type="xs:int" />
                <xs:element name="InfantName" msdata:Caption="50" type="xs:string" minOccurs="0" />
                <xs:element name="BirthWeight" type="xs:decimal" minOccurs="0" />
                <xs:element name="DOB" type="xs:dateTime" minOccurs="0" />
                <xs:element name="Gestation" type="xs:decimal" minOccurs="0" />
                <xs:element name="EDD" type="xs:dateTime" minOccurs="0" />
                <xs:element name="FromLMP" type="xs:dateTime" minOccurs="0" />
                <xs:element name="FromConceptionDate" type="xs:dateTime" minOccurs="0" />
                <xs:element name="DateOfUSS" type="xs:dateTime" minOccurs="0" />
                <xs:element name="Week" type="xs:int" minOccurs="0" />
                <xs:element name="Days" type="xs:int" minOccurs="0" />
                <xs:element name="Obstetrician" msdata:Caption="50" type="xs:string" minOccurs="0" />
                <xs:element name="UID" msdata:Caption="50" type="xs:string" minOccurs="0" />
                <xs:element name="IPNO" type="xs:string" minOccurs="0" />
                <xs:element name="TimeofBirth" type="xs:duration" minOccurs="0" />
                <xs:element name="Sex" msdata:Caption="1" minOccurs="0">
                  <xs:simpleType>
                    <xs:restriction base="xs:string">
                      <xs:length value="1" />
                    </xs:restriction>
                  </xs:simpleType>
                </xs:element>
                <xs:element name="AdmittingDoctor" msdata:Caption="50" type="xs:string" minOccurs="0" />
                <xs:element name="AdmittingConsultant" msdata:Caption="50" type="xs:string" minOccurs="0" />
                <xs:element name="UID_Mother" type="xs:int" minOccurs="0" />
                <xs:element name="MotherName" msdata:Caption="50" type="xs:string" minOccurs="0" />
                <xs:element name="MotherDOB" type="xs:dateTime" minOccurs="0" />
                <xs:element name="MotherAge" type="xs:int" minOccurs="0" />
                <xs:element name="FatherName" msdata:Caption="50" type="xs:string" minOccurs="0" />
                <xs:element name="FatherDOB" type="xs:dateTime" minOccurs="0" />
                <xs:element name="FatherAge" type="xs:int" minOccurs="0" />
                <xs:element name="Complications" msdata:Caption="1000" type="xs:string" minOccurs="0" />
                <xs:element name="Outcomes" msdata:Caption="1000" type="xs:string" minOccurs="0" />
                <xs:element name="Comments" msdata:Caption="1000" type="xs:string" minOccurs="0" />
                <xs:element name="PastMedicalHistory" msdata:Caption="1000" type="xs:string" minOccurs="0" />
                <xs:element name="BloodGroup" msdata:Caption="1" minOccurs="0">
                  <xs:simpleType>
                    <xs:restriction base="xs:string">
                      <xs:length value="1" />
                    </xs:restriction>
                  </xs:simpleType>
                </xs:element>
                <xs:element name="RH_Factor" msdata:Caption="1" minOccurs="0">
                  <xs:simpleType>
                    <xs:restriction base="xs:string">
                      <xs:length value="1" />
                    </xs:restriction>
                  </xs:simpleType>
                </xs:element>
                <xs:element name="Smoking" msdata:Caption="1" minOccurs="0">
                  <xs:simpleType>
                    <xs:restriction base="xs:string">
                      <xs:length value="1" />
                    </xs:restriction>
                  </xs:simpleType>
                </xs:element>
                <xs:element name="Alcohol" msdata:Caption="1" minOccurs="0">
                  <xs:simpleType>
                    <xs:restriction base="xs:string">
                      <xs:length value="1" />
                    </xs:restriction>
                  </xs:simpleType>
                </xs:element>
                <xs:element name="DrugDependent" msdata:Caption="1" minOccurs="0">
                  <xs:simpleType>
                    <xs:restriction base="xs:string">
                      <xs:length value="1" />
                    </xs:restriction>
                  </xs:simpleType>
                </xs:element>
                <xs:element name="Hepatitis_B_Status" msdata:Caption="1" minOccurs="0">
                  <xs:simpleType>
                    <xs:restriction base="xs:string">
                      <xs:length value="1" />
                    </xs:restriction>
                  </xs:simpleType>
                </xs:element>
                <xs:element name="HivStatus" msdata:Caption="1" minOccurs="0">
                  <xs:simpleType>
                    <xs:restriction base="xs:string">
                      <xs:length value="1" />
                    </xs:restriction>
                  </xs:simpleType>
                </xs:element>
                <xs:element name="VDRL_Status" msdata:Caption="1" minOccurs="0">
                  <xs:simpleType>
                    <xs:restriction base="xs:string">
                      <xs:length value="1" />
                    </xs:restriction>
                  </xs:simpleType>
                </xs:element>
                <xs:element name="RubellaStatus" msdata:Caption="1" minOccurs="0">
                  <xs:simpleType>
                    <xs:restriction base="xs:string">
                      <xs:length value="1" />
                    </xs:restriction>
                  </xs:simpleType>
                </xs:element>
                <xs:element name="Hb_Electrophoresis" msdata:Caption="1" minOccurs="0">
                  <xs:simpleType>
                    <xs:restriction base="xs:string">
                      <xs:length value="1" />
                    </xs:restriction>
                  </xs:simpleType>
                </xs:element>
                <xs:element name="ThyroidFunction" msdata:Caption="1" minOccurs="0">
                  <xs:simpleType>
                    <xs:restriction base="xs:string">
                      <xs:length value="1" />
                    </xs:restriction>
                  </xs:simpleType>
                </xs:element>
                <xs:element name="TripleTest" msdata:Caption="1" minOccurs="0">
                  <xs:simpleType>
                    <xs:restriction base="xs:string">
                      <xs:length value="1" />
                    </xs:restriction>
                  </xs:simpleType>
                </xs:element>
                <xs:element name="BloodSugar" msdata:Caption="1" minOccurs="0">
                  <xs:simpleType>
                    <xs:restriction base="xs:string">
                      <xs:length value="1" />
                    </xs:restriction>
                  </xs:simpleType>
                </xs:element>
                <xs:element name="AntenatalProblemsAndMedications" msdata:Caption="1000" type="xs:string" minOccurs="0" />
                <xs:element name="AntenatalUS_Scan" msdata:Caption="1000" type="xs:string" minOccurs="0" />
                <xs:element name="UmbicalArteryDoppler" msdata:Caption="1" minOccurs="0">
                  <xs:simpleType>
                    <xs:restriction base="xs:string">
                      <xs:length value="1" />
                    </xs:restriction>
                  </xs:simpleType>
                </xs:element>
                <xs:element name="Amniocentesis" msdata:Caption="1" minOccurs="0">
                  <xs:simpleType>
                    <xs:restriction base="xs:string">
                      <xs:length value="1" />
                    </xs:restriction>
                  </xs:simpleType>
                </xs:element>
                <xs:element name="DoubleMarker" msdata:Caption="1" minOccurs="0">
                  <xs:simpleType>
                    <xs:restriction base="xs:string">
                      <xs:length value="1" />
                    </xs:restriction>
                  </xs:simpleType>
                </xs:element>
                <xs:element name="NuchalTranslucency" msdata:Caption="1" minOccurs="0">
                  <xs:simpleType>
                    <xs:restriction base="xs:string">
                      <xs:length value="1" />
                    </xs:restriction>
                  </xs:simpleType>
                </xs:element>
                <xs:element name="NIFTY" msdata:Caption="1" minOccurs="0">
                  <xs:simpleType>
                    <xs:restriction base="xs:string">
                      <xs:length value="1" />
                    </xs:restriction>
                  </xs:simpleType>
                </xs:element>
                <xs:element name="AntnatalSteroids" msdata:Caption="1" minOccurs="0">
                  <xs:simpleType>
                    <xs:restriction base="xs:string">
                      <xs:length value="1" />
                    </xs:restriction>
                  </xs:simpleType>
                </xs:element>
                <xs:element name="No_Of_Course" msdata:Caption="50" type="xs:string" minOccurs="0" />
                <xs:element name="DateOfLatestCourse" type="xs:dateTime" minOccurs="0" />
                <xs:element name="TimeOfLatestCourse" type="xs:duration" minOccurs="0" />
                <xs:element name="DateOf1stDose" type="xs:dateTime" minOccurs="0" />
                <xs:element name="TimeOf1stDose" type="xs:duration" minOccurs="0" />
                <xs:element name="DateOf2ndDose" type="xs:dateTime" minOccurs="0" />
                <xs:element name="TimeOf2ndDose" type="xs:duration" minOccurs="0" />
                <xs:element name="Labour" msdata:Caption="1" minOccurs="0">
                  <xs:simpleType>
                    <xs:restriction base="xs:string">
                      <xs:length value="1" />
                    </xs:restriction>
                  </xs:simpleType>
                </xs:element>
                <xs:element name="DateOfOnset" type="xs:dateTime" minOccurs="0" />
                <xs:element name="TimeOfOnset" type="xs:duration" minOccurs="0" />
                <xs:element name="MembranesRuptured" msdata:Caption="1" minOccurs="0">
                  <xs:simpleType>
                    <xs:restriction base="xs:string">
                      <xs:length value="1" />
                    </xs:restriction>
                  </xs:simpleType>
                </xs:element>
                <xs:element name="DurationOfRupture" msdata:Caption="50" type="xs:string" minOccurs="0" />
                <xs:element name="Vaginal" msdata:Caption="1" minOccurs="0">
                  <xs:simpleType>
                    <xs:restriction base="xs:string">
                      <xs:length value="1" />
                    </xs:restriction>
                  </xs:simpleType>
                </xs:element>
                <xs:element name="CaesareanSection" msdata:Caption="1" minOccurs="0">
                  <xs:simpleType>
                    <xs:restriction base="xs:string">
                      <xs:length value="1" />
                    </xs:restriction>
                  </xs:simpleType>
                </xs:element>
                <xs:element name="Presentation" msdata:Caption="1" minOccurs="0">
                  <xs:simpleType>
                    <xs:restriction base="xs:string">
                      <xs:length value="1" />
                    </xs:restriction>
                  </xs:simpleType>
                </xs:element>
                <xs:element name="FetalDistress" msdata:Caption="1" minOccurs="0">
                  <xs:simpleType>
                    <xs:restriction base="xs:string">
                      <xs:length value="1" />
                    </xs:restriction>
                  </xs:simpleType>
                </xs:element>
                <xs:element name="CTG_abnormal" msdata:Caption="1" minOccurs="0">
                  <xs:simpleType>
                    <xs:restriction base="xs:string">
                      <xs:length value="1" />
                    </xs:restriction>
                  </xs:simpleType>
                </xs:element>
                <xs:element name="Fresh_me_corium" msdata:Caption="1" minOccurs="0">
                  <xs:simpleType>
                    <xs:restriction base="xs:string">
                      <xs:length value="1" />
                    </xs:restriction>
                  </xs:simpleType>
                </xs:element>
                <xs:element name="Cord_gas1" msdata:Caption="1" minOccurs="0">
                  <xs:simpleType>
                    <xs:restriction base="xs:string">
                      <xs:length value="1" />
                    </xs:restriction>
                  </xs:simpleType>
                </xs:element>
                <xs:element name="PH" msdata:Caption="50" type="xs:string" minOccurs="0" />
                <xs:element name="Bex" msdata:Caption="50" type="xs:string" minOccurs="0" />
                <xs:element name="_x0031_min" type="xs:int" minOccurs="0" />
                <xs:element name="_x0035_min" type="xs:int" minOccurs="0" />
                <xs:element name="_x0031_0min" type="xs:int" minOccurs="0" />
                <xs:element name="VitaminK_Given" msdata:Caption="1" minOccurs="0">
                  <xs:simpleType>
                    <xs:restriction base="xs:string">
                      <xs:length value="1" />
                    </xs:restriction>
                  </xs:simpleType>
                </xs:element>
                <xs:element name="Dose" msdata:Caption="50" type="xs:string" minOccurs="0" />
                <xs:element name="Problems_at_admission" msdata:Caption="1000" type="xs:string" minOccurs="0" />
              </xs:sequence>
            </xs:complexType>
          </xs:element>
          <xs:element name="Neonatalicu" M2M="No">
            <xs:complexType>
              <xs:sequence>
                <xs:element name="id" msdata:AutoIncrement="true" type="xs:int" />
                <xs:element name="NameOfBaby" msdata:Caption="50" type="xs:string" minOccurs="0" />
                <xs:element name="UHIDNo" msdata:Caption="50" type="xs:string" minOccurs="0" />
                <xs:element name="Date" type="xs:dateTime" minOccurs="0" />
                <xs:element name="Time" type="xs:duration" minOccurs="0" />
                <xs:element name="Mode" msdata:Caption="50" type="xs:string" minOccurs="0" />
                <xs:element name="BPM" type="xs:int" minOccurs="0" />
                <xs:element name="PIP" msdata:Caption="50" type="xs:string" minOccurs="0" />
                <xs:element name="PEEP" msdata:Caption="50" type="xs:string" minOccurs="0" />
                <xs:element name="DP" msdata:Caption="50" type="xs:string" minOccurs="0" />
                <xs:element name="MAP" msdata:Caption="50" type="xs:string" minOccurs="0" />
                <xs:element name="FiO2" msdata:Caption="50" type="xs:string" minOccurs="0" />
              </xs:sequence>
            </xs:complexType>
          </xs:element>
          <xs:element name="NeonatalUnit" M2M="No">
            <xs:complexType>
              <xs:sequence>
                <xs:element name="id" msdata:AutoIncrement="true" type="xs:int" />
                <xs:element name="Date" type="xs:dateTime" minOccurs="0" />
                <xs:element name="Time" type="xs:duration" minOccurs="0" />
                <xs:element name="Name" msdata:Caption="50" type="xs:string" minOccurs="0" />
                <xs:element name="UHID" msdata:Caption="50" type="xs:string" minOccurs="0" />
                <xs:element name="GestationAge" type="xs:int" minOccurs="0" />
                <xs:element name="IPNo" msdata:Caption="50" type="xs:string" minOccurs="0" />
                <xs:element name="CorrectionGestationalAge" type="xs:decimal" minOccurs="0" />
                <xs:element name="Background" msdata:Caption="1000" type="xs:string" minOccurs="0" />
                <xs:element name="CurrentProblems" msdata:Caption="1000" type="xs:string" minOccurs="0" />
                <xs:element name="SummaryOfProgress" msdata:Caption="1000" type="xs:string" minOccurs="0" />
                <xs:element name="Respiratory" msdata:Caption="1000" type="xs:string" minOccurs="0" />
                <xs:element name="Cardiovascular" msdata:Caption="1000" type="xs:string" minOccurs="0" />
                <xs:element name="TotalFluidVolume" msdata:Caption="1000" type="xs:string" minOccurs="0" />
                <xs:element name="Type" msdata:Caption="1000" type="xs:string" minOccurs="0" />
                <xs:element name="EnternalFeeds" msdata:Caption="1000" type="xs:string" minOccurs="0" />
                <xs:element name="Weight" msdata:Caption="1000" type="xs:string" minOccurs="0" />
                <xs:element name="UrineOutput" msdata:Caption="1000" type="xs:string" minOccurs="0" />
                <xs:element name="SignificantElectrolyteTrends" msdata:Caption="1000" type="xs:string" minOccurs="0" />
                <xs:element name="Glucose" msdata:Caption="1000" type="xs:string" minOccurs="0" />
                <xs:element name="Jaundice" msdata:Caption="1000" type="xs:string" minOccurs="0" />
                <xs:element name="Sepsis" msdata:Caption="1000" type="xs:string" minOccurs="0" />
                <xs:element name="SignificantHaematologicalTrends" msdata:Caption="1000" type="xs:string" minOccurs="0" />
                <xs:element name="TransfusionRequirement" msdata:Caption="1000" type="xs:string" minOccurs="0" />
                <xs:element name="Neurology" msdata:Caption="1000" type="xs:string" minOccurs="0" />
                <xs:element name="DrugsSupplementsAndInfusions" msdata:Caption="1000" type="xs:string" minOccurs="0" />
                <xs:element name="Special_Investigations" msdata:Caption="1000" type="xs:string" minOccurs="0" />
                <xs:element name="OutstandingResults_Investigations" msdata:Caption="1000" type="xs:string" minOccurs="0" />
                <xs:element name="Site_Position" msdata:Caption="1000" type="xs:string" minOccurs="0" />
                <xs:element name="DateInserted" type="xs:dateTime" minOccurs="0" />
                <xs:element name="DateRemoved" type="xs:dateTime" minOccurs="0" />
              </xs:sequence>
            </xs:complexType>
          </xs:element>
        </xs:choice>
      </xs:complexType>
      <xs:unique name="Constraint1" msdata:PrimaryKey="true">
        <xs:selector xpath=".//INITIALEXAMINATION" />
        <xs:field xpath="ID" />
      </xs:unique>
      <xs:unique name="Constraint2" msdata:PrimaryKey="true">
        <xs:selector xpath=".//nursingProgressReport" />
        <xs:field xpath="ID" />
      </xs:unique>
      <xs:unique name="AdmissionForm_Constraint1" msdata:ConstraintName="Constraint1" msdata:PrimaryKey="true">
        <xs:selector xpath=".//AdmissionForm" />
        <xs:field xpath="ID" />
      </xs:unique>
      <xs:unique name="Neonatalicu_Constraint1" msdata:ConstraintName="Constraint1" msdata:PrimaryKey="true">
        <xs:selector xpath=".//Neonatalicu" />
        <xs:field xpath="id" />
      </xs:unique>
      <xs:unique name="NeonatalUnit_Constraint1" msdata:ConstraintName="Constraint1" msdata:PrimaryKey="true">
        <xs:selector xpath=".//NeonatalUnit" />
        <xs:field xpath="id" />
      </xs:unique>
    </xs:element>
  </xs:schema>
</FORTIS>